0.50432,846.54,16810
0.50092,911.88,4653.5
0.50479,796.07,7939.5
0.50923,984.41,4715.2
0.51727,951.42,15369
0.51157,979.95,14387
0.50034,1045.5,16463
0.50684,691.01,6111.8
0.50271,853.97,4491.9
0.51493,811.2,10727
0.50968,1036.6,16116
0.50812,918.46,15661
0.50982,650.44,3275.1
0.51928,857.45,9344.4
0.50646,917.91,6720.6
0.51633,752.65,2953.3
0.51776,1004,548.95
0.50272,1023.2,10955
0.50745,1030.2,17739
0.50012,893.15,2777.5
0.50782,805.59,14824
0.50967,1007.6,4695.1
0.51477,885.5,10574
0.51047,863.02,12010
0.51697,1043.5,6239.8
0.50315,985.82,4626.5
0.51945,971.19,13589
0.51311,681.48,11948
0.51266,896.17,13271
0.50159,759.36,2844.9
0.50621,784.33,4045.6
0.51546,735.52,8229.4
0.51152,742.62,12832
0.51584,661.75,14048
0.51936,741.61,17239
0.51831,914.59,8865.4
0.51394,1038.2,9433.9
0.50256,891.67,5927.2
0.50219,658.2,11071
0.502,767.78,2924.7
0.50722,838.39,7733.2
0.50054,689.74,6135.9
0.50846,824.19,9043.4
0.50495,992.32,4532.1
0.50472,881.56,15960
0.50334,904.55,11735
0.50777,762.58,4772.2
0.50129,872.8,1919.7
0.50482,863.38,14503
0.50848,864.85,9286.5
0.51165,770.18,10439
0.51975,1014,11150
0.50815,907.21,947.83
0.51345,1022.1,1425.6
0.50288,776.13,16767
0.50781,677.73,3685.3
0.50516,655.04,2028.9
0.50003,1002.9,17936
0.51175,1035.3,17987
0.51022,711.35,2629.8
0.50455,806.56,315.59
0.5154,736.72,175.9
0.51578,821.58,16787
0.51604,1035,553.91
0.51941,738.81,1661.2
0.51801,689.08,16231
0.50795,925.67,15032
0.5033,772.18,3172.5
0.50719,1045.9,11955
0.50236,751.07,8912.6
0.50521,882.32,6408.2
0.50149,897.44,12773
0.50069,944.07,16416
0.50872,662.8,12170
0.5143,1024.2,17091
0.51453,942.79,14257
0.50438,691.67,17800
0.50642,971.65,1729.4
0.50625,782.29,4391.5
0.50111,774.7,7834.8
0.51098,685.48,16526
0.51446,731.46,11004
0.51537,983.7,4023
0.51562,692.86,2355.7
0.51781,952.85,17062
0.51641,856.74,3085.3
0.51893,1041.8,11597
0.51179,834.28,6592.6
0.50593,816.67,16943
0.51724,946.5,13005
0.505,787,17886
0.51908,721.24,4344.5
0.5184,720.52,9397.6
0.5149,1041.3,15841
0.51988,696.27,6061.2
0.5192,954.59,852.93
0.50979,836.41,3791.1
0.5041,698.98,10467
0.513,984.32,11700
0.51217,902.91,1139.6
0.51339,1025.7,7462.3
0.50699,947,14689
0.51824,673.39,3439.9
0.51224,922.24,2009.3
0.50131,783.82,16283
0.50412,828.63,7215
0.51644,976.44,3931.4
0.50656,924.94,12938
0.51549,672.35,4320.1
0.51623,900.3,5313.3
0.51701,685.75,2299.1
0.51286,810.84,2466
0.51501,1049.5,13815
0.50731,772.78,1804.1
0.50422,1048.9,2377.2
0.51324,786.24,1411.5
0.5039,840.28,12215
0.51138,695.68,17478
0.51414,917.64,15724
0.51887,656.86,14579
0.51429,671.06,3422.5
0.50078,746.78,7996
0.51614,798.35,12738
0.51321,909.47,17374
0.51652,1006.5,8491.9
0.50234,723.64,17080
0.5177,955.4,15788
0.51007,712.95,801.84
0.5086,924.37,8770.6
0.5089,668.36,5461.8
0.51013,964.07,11549
0.5188,969.65,17301
0.51426,1042.1,10938
0.51601,743.32,15279
0.50904,826,14739
0.50818,1000,7919
0.5193,663.1,1686.6
0.50702,940.44,12678
0.50009,959.23,2596.4
0.51337,658.99,2675.9
0.50787,933.37,14154
0.51302,820.89,4188.9
0.50214,799.17,7810.2
0.50471,953.57,15623
0.50405,1031.7,759.65
0.51065,1012.2,4064
0.51161,853.72,14909
0.5161,1012.7,8885.7
0.50087,930.42,13952
0.5029,727.34,1060.3
0.51129,784.78,5163.7
0.51264,963.53,15410
0.50869,785.03,505.78
0.51628,927.46,15885
0.51244,763.19,5550
0.50182,699.32,17453
0.51377,880.31,11487
0.5037,999.3,15316
0.51465,981.82,5382.5
0.51944,849.19,4986.6
0.51041,932.48,1265.9
0.50678,937.15,12493
0.51731,844.17,6689.7
0.51317,877.44,10827
0.50062,874.54,8447.5
0.50212,714.68,6034.2
0.51977,890.77,7711.9
0.51276,827.21,17962
0.51904,673.54,3350.6
0.51192,743.49,865.66
0.50425,931.71,1711.5
0.51766,760.74,17443
0.51255,879.09,13935
0.51358,805.86,13758
0.50529,674.49,3560.9
0.5157,764.72,12313
0.50755,947.59,775.86
0.50637,717.48,2895
0.50328,898.06,8079.9
0.51812,1037.3,5128.5
0.51043,965.44,1093.1
0.5088,763.74,10599
0.50046,741.93,7001.8
0.51076,850.19,17175
0.50124,677.94,5998.1
0.50416,680.38,15390
0.50293,1001.4,5716
0.50445,981.7,9198.5
0.50677,814.08,7413.1
0.51717,713.83,4283.2
0.50503,683.21,13613
0.51333,756.91,14332
0.51829,1030.4,10494
0.50515,943.73,6495.3
0.51051,687.26,458.24
0.51438,899.25,2760.4
0.50743,684.45,6621.2
0.50956,655.94,6957.2
0.51532,920.47,9113.2
0.51522,943.29,14678
0.51661,872.34,2518.5
0.51374,755.68,4132.5
0.50029,967.58,61.221
0.50145,923.57,1635.9
0.51252,794.27,11312
0.5107,716.65,17642
0.50345,1049.1,13416
0.50507,801.7,5594.1
0.5074,818.25,12301
0.50994,1020.6,9230.4
0.50614,745.64,9795.7
0.51845,869.26,6189.5
0.51385,732.06,12516
0.51808,773.81,828.4
0.50946,955.76,15713
0.50623,957.76,17831
0.50174,671.49,14221
0.50963,749.06,13335
0.5198,757.76,15581
0.51083,888.81,7488.5
0.51879,948.36,17185
0.50927,1038.3,17734
0.50673,822.17,285.61
0.50632,906.99,6654.2
0.51854,749.46,17764
0.50547,701.9,11276
0.50094,1042.6,6534.7
0.51883,716.76,5513.9
0.51314,733.16,2139.3
0.50944,956.85,7390.4
0.50834,701.49,7173.9
0.51676,972.76,15122
0.51183,1048.1,3832.8
0.50545,802.2,5687.5
0.50551,993.39,16729
0.51145,736.35,13138
0.51581,934.8,2589.7
0.50561,793.71,3803.6
0.51237,937.72,4854.9
0.51445,723.47,7118
0.50107,945.7,12253
0.51527,788.05,373.41
0.51195,1026.9,4568.7
0.50151,866.3,4739.1
0.5155,755.4,3765.7
0.51039,775.55,14865
0.51737,1022.5,6893.8
0.50672,674.71,16360
0.50103,835.77,13882
0.5012,928.53,5016.6
0.51295,856.21,12220
0.5109,926.03,13194
0.50776,837.93,5355.3
0.50831,988.32,10774
0.50156,787.18,7671.6
0.51241,981.03,10462
0.50325,879.67,14319
0.51347,779.39,12418
0.51246,854.89,15193
0.50583,978.2,13663
0.51454,793.45,6332.1
0.50375,978.9,13858
0.51563,725.79,3144.6
0.50713,767.22,11289
0.50771,725.58,8687.7
0.50786,905.02,6415.5
0.51671,851.83,4355.9
0.51441,818.63,17395
0.50922,873.37,12628
0.50995,993.81,6875.2
0.51559,975.55,15084
0.51291,778.09,13710
0.51849,683.94,1202.8
0.51093,883.2,11215
0.50277,865.71,2184.8
0.50654,964.47,12042
0.50612,718.72,10330
0.50975,906.41,15305
0.50104,973.52,15157
0.52,660.05,7197.4
0.51795,769.17,14366
0.51103,703.07,9331.3
0.51619,1027.4,16666
0.50769,687.78,1475.5
0.51189,780.63,2537.2
0.50883,796.6,11588
0.50669,1014.4,4086.4
0.51053,730.45,9262.1
0.51019,941.61,13529
0.50573,722.42,7552
0.51691,822.36,14942
0.51166,891.47,17855
0.51679,1045.1,8730.7
0.5058,791.5,10657
0.51002,913.77,6919.8
0.51865,901.79,5895.7
0.50589,853.19,143.23
0.51232,795.35,3709.6
0.50881,927.03,4394.2
0.51157,709.66,15902
0.50909,830.1,4876.4
0.51223,1040.9,3109.9
0.5126,719.23,680.8
0.50139,799.41,1627.9
0.50705,688.81,12053
0.51017,727.13,13451
0.5016,1000.9,11891
0.50807,911.32,1578.4
0.51128,776.96,7353
0.51503,939.18,7285.1
0.50493,804.95,6627.8
0.5127,745.27,15245
0.51572,848.69,16144
0.51816,1040.1,4466.2
0.50735,684.7,99.574
0.51298,967.17,4105.5
0.50217,1020.1,9468.8
0.50752,762.17,10314
0.50059,700.98,15508
0.51749,747.9,14800
0.50222,929.88,12929
0.50717,1036.1,1606.2
0.51718,1019.4,13682
0.50176,770.79,7036.4
0.50892,915.1,1247
0.50618,921.97,1319.1
0.51391,870.89,9529.6
0.50738,961.44,7872.4
0.50857,746.13,3153.5
0.51411,964.76,4829.9
0.50072,723.06,9494.3
0.51219,729.66,9997.5
0.5146,692.5,13305
0.51835,858.14,926.34
0.5006,859.34,9610.3
0.50577,782.24,6341.7
0.5034,952.33,16052
0.50903,771.44,16575
0.50206,885.04,8975.4
0.51844,709.18,17639
0.51983,1025.3,7304
0.50358,898.99,3461.1
0.51483,1011.6,13421
0.50355,807.08,5630.6
0.50168,657.98,11632
0.50077,814.3,14068
0.509,914.2,17414
0.51966,761.28,3956.5
0.51364,1029.6,12529
0.50074,843.29,9848.1
0.50368,920.17,17001
0.50895,1016.2,7245.8
0.51895,990.29,6198
0.50084,996.52,1023.8
0.51617,953.46,16472
0.51705,931.45,8843
0.50448,655.45,2307
0.50387,667.49,15645
0.50598,950.83,1844.9
0.50203,855.76,17514
0.51567,808.14,6014.3
0.5145,1004.9,10167
0.51554,715.4,7068.4
0.50531,862.35,1106
0.50843,700.11,6759.3
0.50393,1011.6,7129.6
0.518,653.29,11191
0.5103,669.07,15496
0.50041,823.45,8387.4
0.51765,835.42,15744
0.5051,755.01,3671.2
0.51486,843.77,10804
0.5163,766.31,5155.7
0.50136,980.3,2197.5
0.51542,1031.1,7421.4
0.50192,809.14,16945
0.51421,826.42,15056
0.50452,680.56,17573
0.50825,934.17,13504
0.51334,889.32,2977.1
0.5174,792.76,13176
0.51871,737.24,13027
0.50934,903.92,16854
0.50313,861.93,3229.2
0.50554,1008.8,14550
0.51968,976.23,15474
0.51874,842.11,10868
0.51355,991.14,9372.7
0.5114,747.59,5494
0.51862,989.38,9563.7
0.50163,986.66,16184
0.50436,974.95,8507.5
0.50291,819.14,16876
0.50254,797.61,13293
0.50564,730.94,1939.3
0.5073,960.26,9723.5
0.5044,875.49,11684
0.50987,837.37,5404.8
0.50558,867.82,11808
0.51691,882.87,8047.3
0.51972,1047.8,5344.9
0.51357,666.28,13738
0.50122,661.7,10135
0.50319,697.51,13998
0.51383,1008.4,9653.1
0.51792,678.84,15000
0.50405,769.66,3727.2
0.50139,1033.3,583.88
0.51753,837.11,16259
0.50333,968.12,4661.1
0.51186,970.47,2091.1
0.50664,1010,41.954
0.51457,897.5,2253.7
0.51916,734.59,10906
0.51648,768.82,9507
0.50067,728.48,12852
0.50496,941.09,8651.1
0.51037,895.83,6277.6
0.51674,941.74,10616
0.50805,979.25,14161
0.5199,868.91,10197
0.50279,765.34,7102.6
0.51993,1046.8,5428.2
0.50726,803.12,3005.1
0.51172,833.39,5664.6
0.51169,947.67,14416
0.50601,1009.2,12465
0.5032,676.17,10733
0.51589,873.48,14440
0.51838,1028.7,9760.9
0.51319,789.06,7770.6
0.50523,667.65,14624
0.50526,956.33,2812.6
0.51229,960.82,3870.2
0.5043,997.11,15435
0.50269,750.57,6847
0.50036,735.15,7697.2
0.5066,994.94,13355
0.50666,977.89,1322.3
0.5003,841.51,7325.3
0.50843,778.92,3193.3
0.51933,703.71,17911
0.51073,886.8,11466
0.51329,666.89,13867
0.50333,705.17,15569
0.50291,996.03,9193.6
0.51815,794.52,15426
0.51043,920.36,10440
0.50578,1017.7,1775.6
0.51519,804.72,11031
0.51658,925.6,1059
0.50544,871.65,16634
0.50922,704.21,2068.9
0.50504,817.54,11992
0.51203,748.7,2208.4
0.5035,737.72,9468
0.51124,760.08,12567
0.51476,797.71,5734.4
0.50664,711.33,11630
0.50535,811.53,13830
0.50097,678.31,9256.2
0.50464,855.56,814.57
0.51324,881.24,12650
0.50848,700.55,11813
0.51878,723.52,9710.6
0.51076,878.2,11288
0.51968,829.84,6746.3
0.51327,893.99,12148
0.51463,1044,1665.4
0.50449,785.05,6487.8
0.50075,1028.5,7126.5
0.519,956.31,6705.5
0.50429,735.6,5844.3
0.50423,988.54,14771
0.51587,991.5,11572
0.5106,948.18,1301.8
0.5158,795.9,6218.2
0.50342,993.27,17675
0.50878,1019.1,3426.6
0.50644,1015.5,15992
0.50746,972.06,15446
0.50027,789.93,12839
0.50942,1042.8,13148
0.50935,987.32,7762.8
0.51397,984.34,14993
0.51916,945.3,10755
0.50876,762.96,1278.5
0.51026,857.53,12186
0.50712,676.68,557.4
0.50271,836.93,3755.4
0.51985,830.6,3222.7
0.51484,665.96,12426
0.5137,961.27,5762.9
0.51633,1021.6,3150.6
0.50952,807.59,8975.5
0.50605,666.36,16124
0.5047,1011.3,1797.6
0.51367,733.91,10951
0.51392,1039.5,14411
0.51251,936.97,6833.3
0.51684,725.06,6875.3
0.50989,1016,17901
0.51201,789.6,11915
0.5105,661.98,17359
0.51547,732.23,8935.8
0.50961,1021.2,3994.3
0.51179,1029,11752
0.51259,854.95,5210.8
0.51933,986.96,11555
0.51255,849.53,14017
0.51151,812.34,9503.5
0.5033,654.62,14701
0.5053,714.43,2421.8
0.51501,1031.8,13981
0.50108,710.33,11403
0.5163,765.21,3642.8
0.50475,890.08,6744.5
0.5167,981.82,16871
0.51725,691.18,7129.6
0.50573,864.5,5421.6
0.50729,1001.1,10043
0.51608,780.86,1027.4
0.50496,1045,13784
0.50705,841.52,13279
0.50238,1010.5,225.44
0.51105,729.79,9393.4
0.51099,899.13,11138
0.51626,947.69,12076
0.501,1023.4,4176.3
0.51399,995.01,596.26
0.51517,745.02,8331.6
0.50518,711.17,15296
0.51686,980.63,13753
0.51054,1038.6,2778
0.50352,903.07,13599
0.50507,897.15,7336.7
0.50297,965.47,2524.1
0.51636,983.39,15082
0.50267,753.09,12626
0.50968,707.58,11077
0.5198,791.3,4420.3
0.50311,814.8,14973
0.50139,851.19,16544
0.51348,1008.1,1050.1
0.50667,683.04,9912.6
0.5026,891.8,7078.5
0.50853,1025.8,17027
0.51692,786.26,13266
0.51129,921.49,4586.2
0.50899,951.98,9531.6
0.50402,917.45,17260
0.50021,1006.7,14044
0.51419,1033.7,16903
0.50775,734.85,4036.7
0.50361,957.16,3292.7
0.51928,824.06,12279
0.51284,861.97,4896.2
0.51999,873.11,5659.2
0.50116,968.01,17508
0.51175,766.03,7398.2
0.50226,1026.1,13683
0.51322,709.71,2047.3
0.51491,949.45,4801.2
0.51836,782.34,4859.9
0.50563,966.28,5561
0.50785,653.9,10734
0.50483,1002.8,10389
0.50325,872.91,10674
0.50574,755.36,8672.4
0.51295,924.24,9641.5
0.50189,914.52,6243.5
0.51525,831.93,4698
0.51891,827.23,2709.3
0.51612,684.36,2490.7
0.50173,667.82,1223.3
0.50187,961.76,1581.3
0.51913,931.4,4943.4
0.50404,912.95,1624.5
0.50914,1034.5,2738
0.51197,979.38,10560
0.50262,952.91,16358
0.50016,1043.3,2684
0.51845,934.63,864.01
0.51225,810.46,15825
0.51943,969.25,6309.2
0.51875,682.23,5386.5
0.5015,1012.6,8389.7
0.5114,898.96,9678.4
0.51385,726.61,16782
0.50824,754.85,490.45
0.51446,794.81,2398.3
0.51472,712.54,5314.6
0.51704,770.24,11804
0.5077,677.98,8909.5
0.50439,1037.4,4177.1
0.51126,959.96,7788.4
0.50916,725.62,4526.7
0.5179,757.9,2013.8
0.50247,837.81,17095
0.50496,802.36,11536
0.50418,884.76,10695
0.50982,718.14,3003.9
0.50172,670.99,11600
0.50884,1046.3,10644
0.50588,731.21,15501
0.50865,937.6,167.22
0.50283,878.32,9426.6
0.50094,893.26,10573
0.50276,903.95,173.56
0.51954,1007.3,14855
0.51996,977.71,11378
0.50375,1036.7,11342
0.5134,660.34,5467.4
0.51585,708.98,15538
0.50559,826.87,759.46
0.51559,699.38,12458
0.50287,953.35,16733
0.51591,762.27,16721
0.5013,901.11,13415
0.50462,871.2,2870.3
0.51544,877.37,6356.4
0.50065,965.88,2553.7
0.51401,941.55,1231.3
0.50133,770.57,9307.8
0.50458,803.82,9955.2
0.50512,879.25,16630
0.51641,702.3,15605
0.50489,916.6,6197
0.50433,981.45,5971.7
0.50181,1003.1,10864
0.50026,767.33,10921
0.51144,653.15,8727.1
0.51209,951.65,4910.5
0.51992,699.73,16602
0.5054,967.38,4240.3
0.50278,954.53,9348.6
0.50931,1012.8,8546.1
0.51052,980.82,13223
0.50201,733.67,12344
0.50084,796.4,11500
0.51664,889.88,16177
0.5162,834.02,2092.7
0.5078,782.24,6537.2
0.5111,650.68,11692
0.50479,820.06,15011
0.51557,786.98,10454
0.50581,814.88,15724
0.50731,844.36,3724.8
0.5005,671.6,7586.3
0.51068,884.45,12383
0.51653,955.89,16074
0.50002,680.9,3614
0.51211,783.96,16386
0.5002,813.11,2113.1
0.51357,755.73,11670
0.5101,689.02,4253.8
0.51444,876.85,1850.6
0.50972,854.31,7522.8
0.50898,916.85,9160.5
0.51716,707.7,9269.1
0.5064,1047.8,6078.9
0.51451,921.12,12003
0.51478,863.15,11015
0.50232,849.08,5640.3
0.51614,808.91,4352.8
0.5157,896.39,17724
0.50793,681.45,5598.5
0.50858,824.76,8628.2
0.51765,946.84,2816.5
0.51539,658.08,5940.4
0.50863,936,9884
0.50979,925.96,9144.5
0.51838,768.78,4018.8
0.51022,816.63,6314.8
0.50906,873.98,14513
0.50235,722.75,14225
0.50524,1030.6,12734
0.5043,653.4,4116.5
0.50123,705.78,5365.9
0.50444,998.07,13533
0.51346,1018.6,10972
0.51898,758.77,7181.6
0.51378,984.48,11100
0.51029,875.34,9379.5
0.51623,852.88,1954.8
0.50234,798.12,13127
0.50358,940.37,14532
0.51701,907.83,3701.2
0.50166,727.27,12979
0.50634,720.8,15768
0.50792,1025,13657
0.51575,785.63,9183.2
0.50811,1048.6,9620.9
0.50102,1049.7,14656
0.51227,898.3,12709
0.50193,752.43,8363.6
0.50274,763.29,1109.1
0.50326,879.9,16837
0.50919,750.4,5002.3
0.51693,831.59,1.0729
0.50612,1044.6,17420
0.51887,851.06,11860
0.51131,714.6,5573.9
0.50203,942.52,4716.1
0.50608,1029.9,7638
0.50179,922.93,10179
0.50718,838.39,13720
0.5067,728.01,10838
0.51415,985.12,14735
0.51109,839.36,2162
0.50847,732.91,1545.9
0.50544,687.32,13618
0.50766,702.18,6071.9
0.50459,903.38,11889
0.50669,914.59,16427
0.51798,663.96,17762
0.51456,920.86,2602.2
0.51858,737.4,14794
0.50957,912.48,12814
0.50063,887.29,13041
0.50082,977.38,8654.6
0.51939,810.77,3816.8
0.51508,1023.9,7608.7
0.50823,1019.7,15332
0.51389,807.2,3186.6
0.51919,1006,12407
0.50681,1018,10808
0.51247,844.89,15277
0.50893,774.05,8503.9
0.50165,854.03,17958
0.51564,938.46,9863.9
0.51728,889.19,3599.9
0.50364,692.45,15060
0.51746,992.31,6413.6
0.50831,767.95,4208.3
0.51003,817.04,7277.4
0.51092,713.01,13417
0.51895,888.39,17480
0.51032,800.67,13889
0.51747,1039.9,10487
0.51365,823.34,7830.5
0.51668,773.2,11189
0.51215,697.87,66.58
0.50185,911.91,9006.8
0.50904,867.4,4619.7
0.51829,740.58,3433.2
0.51183,999.21,14195
0.50749,879.62,11976
0.50379,848.25,14351
0.51036,840.75,12916
0.51336,989.88,7375.5
0.50046,650.13,12235
0.50414,748.33,15246
0.50688,989.1,10310
0.51987,944.19,7491.1
0.51704,701.12,9101.9
0.50702,825.95,2220.3
0.5003,750.84,13347
0.51315,656.28,4797.5
0.51015,1016.8,7864.4
0.50447,739,11369
0.50222,670.04,6136.9
0.50959,719.26,2238.9
0.5183,825.41,12047
0.51568,895,9805.8
0.50211,741.05,12613
0.50067,865.79,9828.8
0.50522,972.21,15164
0.51441,655.7,15048
0.50488,772.21,2457.1
0.51293,933.77,7230.8
0.51425,655.24,337.85
0.51222,938.84,1342.6
0.51618,764.86,11715
0.50629,829.28,16313
0.51666,943.46,17808
0.50229,868.15,6686.1
0.50409,864.27,7255
0.51298,927.16,9220.8
0.51267,656.79,6852.1
0.51497,996.48,15632
0.5081,673,1987.2
0.51413,688.41,10499
0.51872,924.86,2584.5
0.50851,1021.9,11936
0.51853,1047.3,17880
0.50377,689.88,887.42
0.51407,677.5,1602.4
0.50512,799.53,5916
0.50147,708.57,2852.7
0.51042,1036.6,17462
0.51744,1045.6,12442
0.50607,808.09,13655
0.51714,806.38,5294.3
0.51488,691.6,4747.4
0.50318,930.28,929.59
0.50758,827.69,12856
0.50889,915.29,16510
0.51166,818.69,9033.4
0.50835,1022.6,3787.5
0.5006,1046.2,13315
0.50516,675.61,16291
0.50946,804.36,93.673
0.51983,843.11,10060
0.513,951.12,17688
0.51002,963.01,15124
0.5042,775.62,14558
0.51102,931.83,11661
0.50218,1031,5812.4
0.5165,866.36,911.97
0.51434,853.7,16266
0.50106,880.45,135.17
0.51029,861.72,3538.3
0.51187,899.82,15918
0.51571,911.77,681.7
0.50042,905.98,3518.1
0.51805,918.33,16755
0.5151,860.1,10593
0.51449,939.27,14119
0.51195,801.57,14365
0.51514,784.6,12585
0.51802,730.09,2934.8
0.51797,882.98,12912
0.50348,928.43,8521
0.50339,989.25,4472.4
0.50257,686.03,7302
0.51094,676.24,6586.6
0.51072,739.25,12256
0.51207,968.6,17427
0.51722,978.27,10025
0.51122,757.73,10082
0.51602,867,13916
0.50636,703.31,3493.3
0.50426,874.68,15582
0.50938,761.76,12485
0.5017,985.6,975.91
0.51973,1032.8,4676.7
0.51976,709.89,6397.8
0.51584,657.11,7166.9
0.50125,659.93,16663
0.51353,946.49,4989.9
0.50254,919.04,6438
0.51241,955.51,7952.6
0.5182,773.68,5249.4
0.50996,958.61,5085.2
0.51162,658.56,12336
0.50597,818.26,1919.4
0.5062,852.51,3924.8
0.5093,909.81,4504.6
0.50567,651.22,16051
0.50753,978.93,3359.2
0.50716,872.21,9779.9
0.50086,675.27,16981
0.51654,805.86,8226.9
0.51138,840.22,14092
0.51383,847.12,11841
0.50691,703.79,8876.8
0.51219,809.02,3680.6
0.51945,836.2,311.22
0.50673,973.58,4100.3
0.50806,868.67,16802
0.50069,743.12,15709
0.5029,722.47,17237
0.51549,947.16,8485.5
0.51661,739.79,7051.8
0.51822,821.52,13581
0.50532,999.66,3326.5
0.50395,883.92,1832.3
0.50697,787.19,13944
0.50004,930.83,370.04
0.51814,964.34,1191.8
0.51794,691.99,15524
0.50366,859.21,13400
0.51929,994.77,3322.6
0.50215,734.36,7617.3
0.51664,824.34,5853.6
0.50459,906.27,16359
0.51435,1026.1,16529
0.50789,652.78,5364.3
0.50322,651.38,8310.7
0.50407,655.23,2621.3
0.50264,1006.1,1897.4
0.50749,806.64,4847.7
0.50848,757,17640
0.50905,809.75,17882
0.50236,672.7,1554.9
0.50229,953.67,12291
0.50336,978.31,546.76
0.51638,654.12,9881
0.5181,799.01,13850
0.51075,1014.8,7805.1
0.50729,692.79,3276.8
0.51167,921.45,6559.8
0.51602,711.27,11476
0.50395,752.81,1276.8
0.50959,809.11,3120.5
0.50602,704.58,1882.9
0.50664,732.22,13133
0.50776,721.69,14313
0.5079,760.28,2845.8
0.50062,888.07,10709
0.51713,658.69,11723
0.50596,739.37,6735.1
0.50304,1000.3,2157.2
0.5043,940.01,5417.1
0.51429,983.95,2505.1
0.51669,732.05,5311.3
0.50515,777.57,6277
0.51812,772.35,3489.2
0.50932,668.95,2578.4
0.51636,833.21,1671.8
0.50502,1013.9,6830.7
0.50543,903.74,4242
0.50586,672.39,3131.9
0.50685,712.79,14899
0.51906,790.76,7275.1
0.51247,694.53,9250.5
0.51703,796.1,2290.7
0.51616,871.22,5783.4
0.50458,763.98,14475
0.51632,1041.6,10750
0.50462,742.32,14082
0.51352,1012.2,6390.5
0.50603,782.15,7685
0.50797,737.26,6323.2
0.51949,820.65,2161.2
0.51195,1023.7,8466.8
0.50418,774.29,2418.3
0.51085,952.13,1069.1
0.50392,716.01,12231
0.5196,670.09,14228
0.51441,756.02,3594.2
0.5125,987.48,10362
0.51879,762.09,4482.8
0.50158,721.36,11372
0.51481,720.62,15000
0.51559,780.9,10464
0.50804,797.15,12780
0.5186,1016.7,7564.5
0.5167,817.43,11225
0.51996,838.2,16103
0.50341,742.85,14090
0.51952,957.24,7346.4
0.51689,772.75,16657
0.50104,949.44,12693
0.50423,698.02,13880
0.505,691.55,16153
0.50882,801.46,63.924
0.50785,905.69,4937.4
0.51585,816.46,16909
0.51552,946,8042
0.50627,680.37,6580
0.51526,1001.5,705.25
0.51654,751.16,1397
0.5154,1027.5,341.98
0.50671,673.61,15045
0.50527,929.7,9303.1
0.50084,736.21,14954
0.51839,968.53,3399.9
0.51023,858.2,1519.3
0.51648,893.88,9115.8
0.50708,728.08,14615
0.51926,663.6,735.18
0.50725,744.58,6095.3
0.50164,864.04,16608
0.50495,839.14,6185.2
0.50468,981.71,6798.3
0.50678,1029.4,13504
0.50098,983.8,3544.4
0.5041,990.99,630.36
0.51764,803.5,751.89
0.51256,847.44,9891.4
0.50952,650.33,4319.8
0.50071,650.6,9404
0.50923,1004.6,13659
0.515,929.29,12090
0.51337,863.8,3264.8
0.5137,876.17,1848.6
0.51067,941.57,10207
0.51847,1003.2,2752.5
0.51762,896.51,12980
0.51889,704.17,14373
0.50415,708.74,7635.4
0.51971,758.74,14813
0.50731,826.58,5946
0.51718,954.67,1339.3
0.50886,866.66,15163
0.5076,982.43,10108
0.50365,792.39,993.62
0.51534,1016,5534.3
0.50077,845.51,8662.5
0.50324,998.95,7704.9
0.50854,851.19,11864
0.50195,1024.7,7450.6
0.504,837.38,13955
0.50534,716.14,8213.9
0.50198,665.38,4003.6
0.50509,730.37,13745
0.50168,751.7,4641.9
0.50025,823.08,12357
0.50925,1006.6,1687.6
0.50831,918.71,5256.2
0.51933,1031.3,3009.2
0.5106,660.09,2870.2
0.51941,998.31,14008
0.50039,1021.1,13356
0.51564,1002.4,9457.5
0.51271,694.87,2014
0.51597,1027.9,5166.1
0.51308,745.8,11503
0.51314,955.91,38.006
0.51858,1028.5,12171
0.51324,944.53,4355
0.50826,783.04,10001
0.51127,749.46,4249.6
0.51002,806.9,17159
0.5163,920.81,7677.6
0.50171,770.81,15472
0.50326,857,6918.4
0.51804,969.05,14247
0.51266,719.43,15170
0.50247,873.99,1741.7
0.50234,968.28,9703.5
0.50948,686.6,2967.2
0.51553,841.91,9828.7
0.50437,969.91,13619
0.51349,962.37,12615
0.51837,917.1,4340.3
0.51103,958.06,14617
0.50216,770.5,13768
0.51359,901.15,17705
0.51628,818.95,14502
0.50738,989.34,9164.4
0.50984,735.06,10170
0.50119,684.84,3379.2
0.51488,696.39,8716.8
0.51664,797.72,7201.1
0.51692,752.29,17541
0.50514,846.53,17243
0.50593,662.74,15502
0.50148,688.88,6433.4
0.50589,975.72,13987
0.51229,1046.7,15866
0.50267,906.7,15838
0.51177,785.59,7970.9
0.51493,831.26,9639.7
0.51749,925.63,2978.9
0.5087,861.19,10102
0.5151,1019.9,3359.2
0.50104,814.18,17461
0.5153,938.77,3413.2
0.51406,785.15,10198
0.51117,710,3937.5
0.50276,794.41,14947
0.51053,1045.7,8616.8
0.50956,951.67,14550
0.50568,894.82,17383
0.50211,1004,11348
0.51236,933.43,8023.3
0.51938,851.02,8175.2
0.50333,945.98,3637.4
0.51312,819.9,256.21
0.50443,720.31,13689
0.50398,745.39,2595.8
0.51622,683.85,3081.6
0.50672,966.12,5626.8
0.50074,834.11,16727
0.51198,912.34,6197.7
0.5183,874.76,6473.3
0.51816,702.29,13791
0.51728,796.35,9268.8
0.50443,783.44,15115
0.51537,940.26,8125.8
0.50003,726.75,5897.5
0.51135,748.45,16394
0.51093,1005.1,12826
0.51895,799.99,12958
0.5009,901.68,1768.2
0.50779,710.64,15928
0.51704,1043.1,4988.3
0.51014,754.92,16110
0.51391,870.35,1227.1
0.51625,967.44,7945.7
0.51356,946.84,2370.4
0.51153,963.01,576.63
0.50916,1017.9,13072
0.50824,821.82,10856
0.51106,978.95,1927.3
0.50968,675.17,4402.7
0.50138,961.57,14165
0.50558,657.19,14121
0.51089,1024.1,13124
0.51043,959.57,13652
0.51504,856.61,1720.1
0.51613,899.96,16558
0.50864,1018.8,17974
0.51592,1034.1,16272
0.51137,687.81,11264
0.51114,1045.5,12801
0.50551,813.38,8092.9
0.51046,1036.9,1127.8
0.51282,775,16439
0.50735,744.06,16460
0.51873,868.97,12388
0.51361,729.21,8572.4
0.50518,820.92,145.58
0.5116,996.8,1652.3
0.50316,715.56,11109
0.50973,976.03,7396.1
0.50162,768.22,139.48
0.50626,983.29,16485
0.50434,995.96,4522.6
0.50363,1011,11083
0.50562,942.77,11882
0.51507,877.13,7600.8
0.5097,882.08,957.29
0.51286,935.57,5207.2
0.51963,767.28,11769
0.507,842.5,16839
0.51329,677.8,17101
0.50469,697.05,17197
0.50221,964.1,14845
0.51752,808.32,2116.8
0.51239,896.36,8977.1
0.51366,663.07,4594.5
0.50717,795.56,275.51
0.5132,887,12045
0.51781,900.28,15760
0.51182,773.64,6842.3
0.51388,764.31,1596.8
0.51446,664.37,4683.5
0.509,908.67,15534
0.50261,698.95,9174
0.51741,741.49,9565.7
0.50358,985.65,4869.1
0.51381,843.73,3670.9
0.50768,682.57,872.13
0.50202,788.81,5076.5
0.51144,726.15,11550
0.51745,925.04,1819.4
0.50016,902.36,5350.5
0.50611,928.72,180.14
0.50113,707.23,2718.3
0.51273,757.79,7172.5
0.51991,1034.6,16892
0.50337,997.59,15083
0.51053,656.4,13036
0.50348,921.69,17436
0.50892,881.83,3780.7
0.51772,1023.2,14783
0.50506,1022.5,15001
0.50875,864.7,8376.7
0.50695,805.13,2051.9
0.51736,886.08,10500
0.51574,1040.8,10306
0.50883,812.57,10381
0.50714,760.59,17603
0.50203,944.94,11246
0.51384,892.41,11140
0.50949,676.63,14700
0.508,877.88,4961.8
0.51097,683.2,11467
0.51877,802.31,661.22
0.50309,1030.9,1448.6
0.51759,755.31,2522.1
0.51036,960.67,2786.7
0.51651,912.74,16202
0.5015,756.46,10394
0.51374,1022,13429
0.51584,1038,4448.2
0.50862,956.28,77.421
0.51642,824.93,4616.7
0.5156,799.52,8184.9
0.50392,738.58,11974
0.51296,993.22,16617
0.51986,877.45,8435.9
0.5035,814.93,12754
0.51788,989.9,12411
0.5179,904.86,10078
0.51522,909.85,1980.2
0.51226,702.02,17939
0.50802,919.5,9765.1
0.51209,901.93,7828.9
0.50034,810.45,8495.9
0.5072,769.38,11697
0.50043,653.5,14435
0.51754,961.46,14578
0.50082,788.17,11396
0.51277,766.43,5865.1
0.51025,689.98,14384
0.51864,1045,14266
0.50997,776.66,15989
0.50131,1038.4,16939
0.51821,947.08,14675
0.50843,679.06,13918
0.50181,934.79,10970
0.50909,1039.3,15397
0.51304,712.11,518.18
0.5115,666.51,4026.4
0.51924,735.65,3177.3
0.50492,711.52,16308
0.50998,838.71,7421.7
0.50572,717.54,16149
0.51425,866.35,379.47
0.50913,767.82,5056.3
0.50929,967.03,10573
0.50794,915.35,16185
0.51452,750.63,2322.1
0.50994,880.13,2938.5
0.51261,1035.5,8960
0.51993,787.37,5789.6
0.51371,860.05,17764
0.50552,934.86,6656.5
0.51737,829.11,17483
0.50035,918.84,12740
0.50027,804.09,7783.3
0.51608,674.67,17221
0.51478,999.5,11575
0.50293,986.29,2430.1
0.50012,705.2,12257
0.51403,980,7267.1
0.51169,1047,787.35
0.50428,944.07,14643
0.50005,782.29,5133.6
0.51108,714.02,17624
0.51465,862.54,6252.9
0.50598,784.04,10487
0.51681,656.47,11788
0.5071,682.22,10598
0.50635,708.51,17031
0.51292,934.08,9809.4
0.51128,784.61,835.99
0.51302,861.63,483.11
0.50818,833.73,8857.1
0.5069,727.13,15248
0.51844,815.85,15211
0.51721,890.26,11847
0.51826,846.26,14350
0.50578,1008.7,13519
0.50379,836.33,324.45
0.5104,974.51,10559
0.50467,973.91,5750.2
0.50238,804.36,6421.9
0.51121,888.66,15378
0.50615,891.26,9659.7
0.50849,941.96,8909.8
0.50936,911.51,1372.7
0.50934,1025.6,1510.6
0.5196,687.91,3936.4
0.5,1018.1,7140.9
0.51543,829.74,16635
0.50975,1040.3,11419
0.51893,658.26,16338
0.50283,913.18,466.51
0.51579,893.16,5442.9
0.51833,753.47,3874.4
0.50874,706.11,5387.8
0.50659,924.52,14453
0.51401,996.14,12928
0.50067,673.4,6115.4
0.51572,828.58,5707.6
0.50009,1044.6,15231
0.50066,680.98,10787
0.50475,753.51,16792
0.50524,1035.7,10873
0.51597,888.94,9940.1
0.5063,847.27,10642
0.50809,890.98,616.04
0.50745,844.92,10997
0.51853,725.16,2250.8
0.51186,793.04,6161.5
0.51457,757.7,17320
0.50828,685.58,6617.6
0.51142,664.48,11164
0.50042,823.69,6788.7
0.51999,1008.1,15739
0.50078,1025.3,16993
0.51484,943.22,13338
0.50742,689.01,1431.6
0.50369,868.59,10839
0.50188,723.28,17179
0.50258,810.71,12859
0.50241,789.48,9522.6
0.5089,708.02,4884.6
0.51461,839.74,578.92
0.50449,992.86,6989.2
0.5143,758.93,3739.3
0.51784,895.47,3833.1
0.51294,840.27,2899.1
0.51397,950.65,7763.5
0.51204,824.54,3802.9
0.50219,937.57,14736
0.51438,852.1,9590.8
0.50295,917.95,4391.9
0.51869,1013.2,8275.8
0.51496,1002.7,11737
0.51497,727.49,12206
0.51694,692.23,111.72
0.50121,922.64,13189
0.51555,734.2,389.12
0.50507,761.38,13483
0.50738,909.62,1981.8
0.51573,902.58,9746.8
0.50459,870.66,12732
0.50327,993.78,12953
0.51644,1046.6,2361.1
0.51787,883.13,7837.4
0.5008,819.93,9919.9
0.50752,844.78,8975.5
0.51499,866.13,3560.8
0.51399,852.44,299.71
0.51319,792.46,6443.8
0.50534,738.3,10476
0.51999,1000.7,13380
0.50272,917.48,10923
0.50741,1024.3,811.99
0.51129,1009.7,14825
0.5164,990.26,2161.2
0.51698,975.49,14352
0.50937,663.46,17398
0.51818,930.9,6562.9
0.51094,951.18,12992
0.51853,677.57,12216
0.50322,745.85,2996.7
0.50649,904.25,1759.6
0.5148,687.55,3933
0.50412,1027.2,9037.4
0.51334,745.24,8910
0.50156,674.57,256.99
0.51916,838.28,12518
0.5006,875.08,9278.5
0.50993,840.53,10333
0.50984,667.04,12691
0.51592,1020.9,3879.1
0.51331,668.18,7705.7
0.50762,962.97,4530.7
0.5056,704.24,15532
0.5105,827.76,2798
0.51193,812.05,1842.1
0.51021,830.69,10610
0.51472,809.8,17636
0.50876,760.84,10282
0.51483,709.19,6248
0.50985,937.13,16648
0.518,702.09,12383
0.50747,1029.6,5957.3
0.50694,840.24,11081
0.51632,905.23,2465.1
0.5145,750.89,6930.4
0.51324,982.54,7785.4
0.50912,949.59,1711
0.51694,764.76,10492
0.51667,654.78,9354.7
0.51612,1020.7,6730.1
0.51513,782.64,6970.3
0.51976,953.68,14739
0.51295,913.37,9167.5
0.51813,983.64,16589
0.50647,969.48,15993
0.50444,1038.2,13276
0.50203,703.83,10817
0.50221,939.4,5030.5
0.5047,706.82,17016
0.51549,964.92,2433.9
0.50408,946.68,1588.8
0.50644,669.61,6192.5
0.50278,978.44,915.49
0.50113,933.76,3076.7
0.50638,897.41,15373
0.51156,670.85,12531
0.50014,1002,8223.8
0.51752,896,15015
0.51119,908.46,15491
0.51598,932.42,8191.3
0.51996,797.96,17511
0.51443,785.38,422.47
0.5103,753.35,10734
0.51859,914.44,14350
0.50717,655.03,10537
0.51652,927.71,388.34
0.51707,699.73,12491
0.50489,697.8,6030.3
0.50373,720.23,4272.2
0.50332,910.81,16702
0.51485,739.03,4143.3
0.51567,727.22,11525
0.51166,1040.5,6810.5
0.51407,796.32,17906
0.50808,818.93,4575.8
0.51627,875.6,6883
0.50402,1015,15682
0.50884,871.97,11451
0.50805,959.74,5543.4
0.50427,857.71,16678
0.50563,808.36,13657
0.51224,716.26,4546.3
0.51175,976.31,3032.5
0.51419,686.22,11198
0.5004,985.14,13553
0.51338,806.43,2642.2
0.50634,899.27,5569.5
0.51305,750.63,14459
0.50383,882.27,1408.5
0.51454,892.85,12806
0.51912,685,1553.6
0.50878,1031.9,12039
0.51755,690.28,5646.8
0.5161,709.64,12412
0.5031,856.99,12327
0.50483,837.63,13633
0.51515,928.26,3705.2
0.50641,934.39,12223
0.50268,1016.6,11841
0.51636,1018.5,5144.9
0.50989,764.27,10856
0.51242,783.42,5988.7
0.50138,1004,10949
0.50464,733.5,3678.8
0.50548,966.81,12014
0.5131,662.98,5781.6
0.51766,784.9,2686.7
0.50083,784.34,15639
0.51705,851.81,3259.3
0.5176,855.67,2958.2
0.5177,891.47,2140.1
0.51982,1041.6,12839
0.51322,831.87,16827
0.51854,850.26,7004
0.51896,817.69,15741
0.51186,679.62,6847.2
0.51033,719.47,6579.9
0.50053,717.49,16488
0.50036,799.01,13988
0.5034,952.12,4735.1
0.50048,896.48,3024.1
0.50895,700.99,4038.1
0.51272,849.78,9791.2
0.51614,796.91,1654.1
0.50624,952.48,9258
0.50585,798.76,10875
0.51959,815.5,9626.7
0.50031,1031.9,10658
0.50308,832.65,2905.3
0.51353,909.95,16931
0.51501,772.24,11957
0.50237,752.69,7029.3
0.50199,810.63,2748.2
0.50119,777.5,13864
0.51508,728.03,4325.4
0.5096,1039.2,8853.7
0.51981,960.03,1698.5
0.50098,985.69,3468.5
0.51255,842.78,838.9
0.50425,749.79,104.11
0.51071,873.94,15076
0.50415,981.46,10234
0.50966,938.88,16138
0.50783,1008,5.9673
0.51162,976.8,13711
0.5098,924.04,5736.7
0.51173,918.4,4167.4
0.50013,721.96,9450.6
0.50656,795.07,10103
0.50238,823.77,1580.1
0.50935,735.54,2133.3
0.50858,716.06,15112
0.50136,978.55,10756
0.5168,956.41,17361
0.51553,812.96,1242.6
0.51522,955.21,11598
0.51589,1023.7,8138.2
0.50996,677.87,3968
0.5109,958.99,3175.6
0.50234,754.28,5442.7
0.50998,792.31,9140
0.50727,899.74,15897
0.51432,886.66,1134.3
0.51441,761.93,10841
0.51134,996.85,4940.5
0.51067,793.54,7359.2
0.50672,730.33,3313.4
0.50705,854.84,16226
0.51344,995.14,9466.2
0.50703,767.39,12247
0.50518,712.48,5905.5
0.51132,858.76,3352.6
0.51376,913.57,13806
0.50636,678.29,17069
0.50266,895.67,14378
0.51114,838.24,9711.4
0.5022,834.08,14174
0.50081,763.29,3857.7
0.5089,1029.2,11332
0.51453,1038.4,11590
0.51009,681.24,9597.4
0.50251,818.03,5247.1
0.51795,675.15,2821.7
0.5166,878.45,3382.1
0.50882,880.17,3941.6
0.50731,958.64,4109.7
0.51723,705.19,9019.3
0.51891,753.83,8426.9
0.50522,804.6,15617
0.5124,722.55,8468.5
0.51922,977.68,1513.6
0.50394,731.12,6341
0.50855,671.34,2558.4
0.51099,931.51,8767
0.50514,826.56,17610
0.51056,1036.5,944.51
0.51648,706.34,1913.9
0.51559,1014.1,16283
0.51851,917.84,9868.7
0.51792,793.1,16116
0.50864,941.65,3410.9
0.50027,984.12,5185.7
0.51144,860.7,1465.5
0.51882,1030.1,2730.1
0.50341,916.36,80.089
0.51015,874.79,13035
0.51579,930.07,9503.8
0.51075,781.02,219.27
0.50796,928.42,13165
0.50656,954.83,789.52
0.50191,739.43,1159.4
0.5087,943.47,13244
0.51266,667.55,7108.2
0.51287,1044.3,1378.2
0.51672,1042.5,14473
0.50501,822.27,1450.1
0.51872,707.15,11709
0.5195,672.6,10607
0.50185,794.43,281.28
0.50547,730.8,14028
0.50611,831.5,2263.3
0.51594,919.12,5362.5
0.51715,938.33,15404
0.50441,841.48,973.35
0.512,810.18,16414
0.50607,1012.9,6940.3
0.50707,901.54,8880.7
0.51574,1019.8,7402.1
0.50214,926.48,4294.5
0.51038,864.14,17482
0.50299,731.62,579.96
0.51331,652.41,3143.1
0.51672,996.28,51.785
0.51747,1049,2381.1
0.51223,943.26,17335
0.50146,778.1,5701.5
0.50812,655.52,9188.1
0.51228,1034.5,2053.3
0.51729,853.18,17051
0.5053,684.01,17986
0.50162,786.56,5933.6
0.50767,772.9,13512
0.51691,995.04,14198
0.50956,694.97,17782
0.50438,732.26,14865
0.51638,813.33,2850.5
0.518,990.67,9407.1
0.51059,874.36,13932
0.51345,742.24,13746
0.50867,705.91,7816.3
0.50007,1000.2,15245
0.50851,954.14,8019.4
0.50784,963.12,11799
0.50863,945.83,14322
0.50769,1037.6,15280
0.51043,743.65,1365.1
0.50688,740.83,4408
0.51547,654.17,10918
0.50379,973.79,7493
0.50631,688.65,6105.9
0.51826,1007.1,9976.5
0.50949,939.71,14612
0.50775,765.54,11637
0.50802,983.01,350.59
0.50735,746.26,16179
0.50447,974.66,1058.7
0.51188,1012.5,17665
0.50661,915.92,12434
0.5099,925.01,10518
0.51715,725.22,16763
0.50827,988.36,1786.2
0.50572,757.76,7376.8
0.5045,770.28,13077
0.50262,1006.7,17432
0.517,936.4,12668
0.50066,836.56,7077.2
0.50176,957.21,15658
0.51783,1043.4,10050
0.50753,843.5,15785
0.5036,910.69,2093.4
0.5193,829.29,3760.9
0.50592,933.69,14089
0.50121,815.2,1852.3
0.51727,773.43,7993.4
0.51256,958.01,12604
0.51938,759.03,14061
0.51278,1028.2,4019
0.50684,675.77,14768
0.51035,1035.9,2527.2
0.5139,785.49,16306
0.50838,942.26,9530.7
0.51623,666.18,6078.5
0.50763,844.38,12183
0.50502,848.13,7199.8
0.50275,719.24,3806.6
0.51809,670.01,14662
0.51487,692.39,740.48
0.5014,880.61,1745.8
0.51145,782.04,14428
0.50731,905.55,9380.4
0.50517,944.19,12594
0.5138,933.01,16624
0.50218,674.32,17246
0.51943,854.39,16081
0.51475,657.35,16205
0.51909,1026.7,5683.4
0.51988,1030.4,8706.3
0.51963,846.92,2038.8
0.51931,767.22,11764
0.50249,1004.8,9563.4
0.50205,965.78,8260.7
0.51082,1025.6,12145
0.51234,695.88,14638
0.50056,768.59,7131.8
0.51561,894.47,14732
0.5027,962.12,17937
0.51208,814.11,1425.4
0.51888,789.73,1091.6
0.5136,835.11,13088
0.51903,758.78,7452.1
0.51121,755.13,8644.4
0.5036,1003.1,5093.9
0.51532,912.55,17454
0.51865,833.84,7956.6
0.50022,963.78,5378.3
0.51555,851.59,573.35
0.51542,1025.4,9833.4
0.51063,937.98,15052
0.51356,948.57,8621.3
0.5115,859.79,7872.8
0.50484,950.03,5794.7
0.50335,699.14,16557
0.51805,914.7,8300.4
0.50527,766.04,16075
0.50157,694.29,17546
0.5055,921.35,11448
0.5187,1024.8,7607.5
0.50069,887.6,16355
0.51301,984.78,10682
0.51524,924.39,6403.2
0.50913,1035.4,1112.5
0.51811,805.96,14289
0.50289,658.74,4236
0.50583,911.97,6235.1
0.51658,889.93,9200.4
0.51763,800.24,1803
0.50391,872.6,28.513
0.51875,776.31,4702.8
0.51831,890.26,11050
0.50303,816.29,1308.9
0.50306,921.72,5823.1
0.5059,992.04,7084.4
0.5095,922.67,14239
0.50143,871.38,479.46
0.50254,710.73,7309.8
0.50971,762.51,13757
0.51634,945.23,8339.9
0.51662,888.5,2309.6
0.50971,915.39,17701
0.51605,732.78,17755
0.50336,885.56,10367
0.50377,925.22,10999
0.51883,947.27,4674.8
0.50231,667.83,9652.9
0.50581,660.07,14856
0.51216,869.88,1275.8
0.51423,664.88,4425
0.50005,688.14,8318.5
0.50712,755.84,17313
0.5194,955.66,11676
0.5085,986.66,10196
0.51878,653.15,5740.8
0.50901,737.93,15965
0.51098,948.13,17798
0.51619,869.19,12055
0.51159,862.01,7870.1
0.51949,998.72,17271
0.51689,781.63,4786.9
0.50194,711.93,2776.7
0.50616,1027.9,16583
0.5042,971.08,13888
0.51268,775.28,5473.2
0.50075,819.26,12346
0.51493,817.08,17182
0.50664,744.85,8932.6
0.51926,967.54,12286
0.50315,884.04,375.23
0.51905,1008.9,7574.4
0.50963,803.27,6288.7
0.50126,727.61,13208
0.50978,901.11,15956
0.51387,814.79,13340
0.51469,975.09,14578
0.51284,807.77,13113
0.5048,759.47,5225.4
0.50465,691.43,12121
0.51511,1019.2,9113.6
0.50018,1042.8,17723
0.50552,1013.5,4616.1
0.51601,1010.7,8400.3
0.50366,728.62,14068
0.50898,825.97,7436.6
0.51823,797.23,17401
0.51607,716.93,657.8
0.51013,786.46,16729
0.51867,689.15,8680.3
0.50755,989.32,15863
0.51125,755.05,5846.4
0.50093,846.37,16531
0.51149,773.74,2073.3
0.50281,828.52,4844
0.50453,992.64,10254
0.51966,1030.9,17126
0.50297,737.03,8087.2
0.51847,987.92,6821
0.5061,867.44,15588
0.50357,849.08,3235
0.5118,1047.4,9086.9
0.50621,991.65,6706.3
0.50401,1032.8,1708.8
0.50657,923.62,13090
0.51244,698.92,6454.5
0.51888,687.24,2267.2
0.51605,901.12,4626.1
0.50782,909.44,9023.6
0.50894,784.69,15345
0.51365,906.39,2793.1
0.51882,711.2,7615
0.51968,939.63,14445
0.5129,782.93,12250
0.50349,909.9,1026.2
0.51918,980.87,11513
0.50596,769.59,3067.6
0.51843,719.78,7305.3
0.5051,819.78,1183.2
0.51012,927.66,13674
0.50676,1048.7,9186.4
0.50356,651.5,12696
0.50842,745.18,10289
0.50557,821.61,1128.4
0.51007,771.09,8153.8
0.51483,795.23,17600
0.51195,958.42,16088
0.50961,780.33,15325
0.51532,881.4,11813
0.51503,982.42,16522
0.50275,709.07,6867.9
0.51211,730.37,4747.2
0.50408,963.32,16226
0.51514,806.1,12559
0.5061,816.86,12166
0.50582,788.86,16053
0.50178,777.62,6268.1
0.51338,928.91,16416
0.50304,908.22,13260
0.51456,953.14,13865
0.51696,668.49,904.13
0.51151,973.06,5830.3
0.51339,922.2,12707
0.51121,880.44,2318.9
0.50001,977.87,8555.1
0.50369,845.71,8972
0.50953,973.71,9812.6
0.50735,989.99,7770.9
0.514,654.6,4444.1
0.50614,904.57,3442.7
0.51088,967.38,12806
0.50034,1031,13915
0.50723,988.28,15940
0.50127,773.82,2711.5
0.50055,996.53,2191.2
0.50272,752.56,4666.9
0.51853,948.46,2844.7
0.50801,728.2,13715
0.50826,729.66,15870
0.50469,747.6,4858.2
0.50716,666.13,16985
0.50099,731.26,14980
0.51432,1030.8,948.55
0.50514,921.13,12268
0.51849,837.87,16799
0.50192,1023.7,13398
0.50379,659.48,8317.6
0.51534,951.57,2601.4
0.51277,668.83,2344.5
0.50585,881.71,5777.3
0.50906,1001.9,9836.7
0.51103,691.34,12729
0.5009,1004.4,17535
0.51035,801.36,7272.4
0.51179,720.85,4649.1
0.50212,944.14,11057
0.51168,870.87,5584
0.50552,834.14,10451
0.50461,1022.1,7678.1
0.50606,859.15,403.85
0.50123,707.37,4490.9
0.51883,818.86,7459.3
0.51028,667.4,13177
0.50407,985.1,16342
0.51835,953.61,3652.3
0.51418,755.74,17128
0.51651,938.61,13316
0.51674,894.17,2756.6
0.50921,696.96,3512.4
0.50924,846.13,1323.6
0.51786,914.05,13817
0.50345,1039.2,1829
0.5147,780.72,4986.9
0.50496,757.18,1875.9
0.50174,939.55,14264
0.50023,687.43,3941.2
0.51564,809.81,2685.9
0.50311,788.47,16701
0.516,996.07,9275.3
0.50711,931.7,14956
0.5163,827.91,1364.7
0.50252,884.94,12022
0.5002,832.12,15768
0.50651,870.29,10504
0.50308,1014.7,3366.1
0.513,993.92,856.84
0.50031,1007.9,5012.7
0.51207,711.57,11456
0.51314,931.57,1167.7
0.51452,974.92,11605
0.51072,843.22,1621.5
0.51086,742.48,3019.5
0.50749,746.8,12971
0.51464,741.13,1539
0.51707,669.86,9367.4
0.51908,773.26,9029.9
0.50988,739.12,9759.9
0.51709,997.01,12368
0.50095,979.43,8615.4
0.50775,965.84,5194.1
0.51504,685.3,3723.6
0.50385,913.62,2062.9
0.50324,708.45,6392.9
0.50044,705.99,3568.4
0.50553,664.67,2218.4
0.51768,766.5,15418
0.50626,1048.2,8482
0.51079,882.47,839.24
0.51578,712,10357
0.50384,898.09,6180.1
0.50622,972.28,16906
0.51216,861.95,9668
0.51183,729.02,17965
0.50037,976.71,1249
0.50752,794.69,4762.3
0.50013,738.67,10901
0.50467,793.85,15391
0.51309,772.58,14003
0.51394,657.16,17402
0.5128,991.86,17492
0.51587,836.94,17316
0.5184,1049.9,13933
0.50627,961.89,2918.8
0.51954,905.4,9563.6
0.50421,891.98,12889
0.5011,876.85,1379.4
0.51204,758.02,7404
0.50392,910.47,14672
0.51557,652.51,17774
0.50861,1036.1,3232.7
0.51937,712.45,3597.6
0.51118,906.83,17169
0.51386,1003.2,13478
0.50901,833,1897.8
0.50659,829.37,8900.5
0.50559,663.99,15802
0.50222,1015,12222
0.51129,879.19,12532
0.50706,725.35,17458
0.51734,715.13,5257.6
0.51427,967.95,9440.1
0.51904,776.44,8694.8
0.50268,999.65,7960.6
0.51032,864.84,16729
0.50025,936.71,9636.6
0.51865,660.26,6511.5
0.50773,672.19,8469.6
0.5091,817.7,12764
0.51927,709.53,15158
0.50978,877.66,6618.7
0.50082,754.82,4359.2
0.50281,883.85,7899.3
0.51085,930.25,13128
0.5004,683.36,2955.7
0.51606,716.84,7014.9
0.50684,693.42,13423
0.50561,1040.7,2562.2
0.51437,702.76,5914.9
0.51369,665.01,12503
0.50997,753.03,8663.8
0.50788,742.26,17062
0.5157,929.97,14609
0.50564,749.89,530.06
0.50087,767.93,10690
0.50098,761.95,3301.7
0.51618,1018.4,17102
0.51095,983.89,3180
0.50968,823.6,10651
0.50295,792.68,15033
0.50805,942.38,724.58
0.50193,800.64,5086
0.51776,1044.1,7842.4
0.50824,957.86,14392
0.50855,938.37,11800
0.50928,658.63,76.185
0.504,941.12,11231
0.51548,1035.5,13542
0.50796,898.96,1317.3
0.51995,767.45,10269
0.50834,968.76,3332
0.50931,1037.8,14843
0.50756,875.86,2511.8
0.50214,966.81,13274
0.50293,699.92,14557
0.50952,937.42,12185
0.50636,974.52,5050
0.51158,733,9147.2
0.51921,857.54,116.35
0.51072,966.43,521.14
0.50836,1002.3,13571
0.51408,1038.5,11439
0.5139,887.25,14925
0.51544,855.25,14051
0.50449,674.74,330.04
0.50828,830.18,2940.6
0.51298,889,15999
0.50654,825.11,8027.6
0.51655,671.29,7736.5
0.50201,893.12,15898
0.51703,826.25,10196
0.51481,745.97,59.604
0.5004,925.24,1430.5
0.51521,815.62,14928
0.50307,751.36,5429.3
0.51116,727.13,9298.6
0.50548,1027.7,8864.5
0.51042,856.3,11840
0.5012,865.76,9228.9
0.50762,714.33,8500.7
0.51332,873.31,13201
0.50847,985.49,8210.5
0.50544,662,13846
0.50378,920.71,12419
0.50666,807.34,14243
0.51336,890.04,17670
0.51686,871.35,9457.3
0.50675,986.93,5296
0.51985,675.45,2472.9
0.50993,676.43,3812.4
0.50296,923.32,9316.7
0.51826,868.29,14791
0.50246,669.63,16266
0.508,917.31,11915
0.50403,785.57,9607.4
0.50169,934.3,17581
0.50486,879.4,16447
0.50613,804.49,5698.6
0.50866,722.16,1102.1
0.51678,672.56,11893
0.50538,844.73,12097
0.51695,842.81,5406.8
0.51168,831.83,3166.7
0.51224,720.16,9957.7
0.51253,808,15214
0.50287,863.24,11963
0.50532,854.01,5145.8
0.5198,719.27,9879.6
0.51751,690.43,4375.9
0.50686,856.64,5465.2
0.50857,1036.3,15383
0.50341,924.47,700.95
0.50133,828.89,5216.7
0.51731,777.1,12915
0.50604,963.92,16017
0.50893,1047.8,7527.8
0.50729,858.57,14810
0.50934,763.98,4827.1
0.51842,813.7,15434
0.5087,689.19,10017
0.5162,868.87,15003
0.5171,824.36,17262
0.51321,784.17,9716
0.51231,867.72,14575
0.50718,857.02,10437
0.5114,835.88,16554
0.50918,806.75,2656.2
0.5104,1020.2,3858.2
0.50885,990.9,14466
0.50073,897.43,8002.3
0.51223,703.63,12768
0.50068,994.48,5367.8
0.51753,826.91,12127
0.50452,973.81,10126
0.50396,921.64,6166.5
0.50839,934.83,3466.1
0.51742,853.22,5540.4
0.50359,683.02,7804.5
0.51186,849.07,4056.5
0.51241,710.54,14369
0.51614,983.49,16372
0.50456,839.24,14103
0.5028,1028.2,4344.4
0.50566,757.67,17646
0.50882,782.08,5497.9
0.50415,827.5,11521
0.50218,1004.9,1736.6
0.51156,954.7,9964.3
0.50539,907.87,6483.1
0.50438,749.71,13498
0.51896,751.31,11617
0.51325,723.47,10672
0.51291,713.76,4408.2
0.51143,682.42,14656
0.51173,853.03,5645.3
0.506,970.28,4028.2
0.50986,901.41,8183.4
0.50578,1029.9,16850
0.5132,674.36,12833
0.5069,1000.1,5750.4
0.50843,840.7,5935.3
0.50712,1029.7,7287.2
0.50314,663.24,16189
0.51285,772.74,16807
0.50103,756.2,17070
0.51188,1037.5,628.25
0.51468,927.87,4697.5
0.5154,790.97,10554
0.50916,831.03,1941.3
0.51024,726.57,4550.2
0.51052,941.21,15689
0.51447,913.11,8842.9
0.50984,865.18,16936
0.50365,779.64,4310.6
0.51739,956.1,16599
0.51109,787.82,1204
0.51544,799.41,10476
0.51517,885.48,4127.5
0.50158,1016.2,8239.9
0.51077,852.08,4780.3
0.51723,959.53,6950.2
0.51034,1018.9,5681.6
0.51643,736.55,12079
0.51311,1022.7,5329.5
0.51218,971.08,7391
0.50732,804.03,3201.9
0.51529,702.84,1521.1
0.50878,684.46,15745
0.50936,992.07,17515
0.51017,948.88,10202
0.51293,706.09,17804
0.50815,803.25,7175
0.50506,797.58,13604
0.51667,1025.8,15263
0.50821,775.1,10856
0.5135,651.69,14474
0.51378,978.18,12950
0.50886,824.9,11236
0.51693,1007.4,6581.7
0.50965,689.82,9138.5
0.51358,691.02,12874
0.51441,1006.4,17865
0.51202,869.44,5317.7
0.51235,714.9,17439
0.50973,1034.6,11418
0.51178,817.19,2068.6
0.51661,1005.9,11478
0.51136,656.17,3283.1
0.50699,841.81,9260
0.51857,890.97,7581.7
0.51508,945.59,8445.1
0.50645,892.63,11382
0.51574,919.65,8066.8
0.50592,999.12,13960
0.5196,715.74,16469
0.51638,718.05,6252.2
0.50113,902.16,10718
0.519,744.15,8580.8
0.51672,695.45,5863.2
0.50869,912.4,14716
0.51923,860.19,3102.1
0.51473,958.91,6638.3
0.50523,700.14,9514.1
0.5125,774.38,364.29
0.50693,952.12,17927
0.51814,728.79,17295
0.5089,700.79,9069.6
0.50649,786.45,16573
0.50172,761.1,14623
0.50182,781.22,1146.4
0.51721,681.81,6086.9
0.51301,971.63,1971.1
0.51596,1024.3,14305
0.50053,883,9421.4
0.50779,676,6226.7
0.50412,733.25,4470.6
0.50117,778.32,3133.9
0.50851,849.78,14289
0.51779,1026.2,10830
0.51744,661.14,8916.4
0.5074,699.19,9772.5
0.51797,819.52,7364.1
0.5144,798.59,6856.6
0.51498,740.44,10399
0.50475,721.19,3718
0.50738,802.69,4937
0.5094,735.44,11751
0.50437,862.41,920.35
0.51516,769.14,15172
0.51495,926.19,16995
0.50072,812.97,10094
0.507,915.72,875.83
0.51059,926.29,977.3
0.5169,662.37,9863.5
0.51066,667.86,7634.1
0.5063,866.96,7591.8
0.51258,722.54,11647
0.51757,822.51,6760.9
0.50146,989.57,1693.7
0.51552,883.14,15237
0.50444,1044.2,16670
0.50747,751.92,6328.5
0.50447,801.89,464.25
0.51818,710.21,13784
0.51528,758.37,11094
0.51935,828.53,7484.9
0.51448,785.05,3984.8
0.50726,810.62,11323
0.51023,678.33,16959
0.51659,809,613.96
0.51794,880.36,12593
0.50704,876.63,10380
0.50243,789.55,4805.8
0.51854,975.5,7436.8
0.51677,697.7,7541.6
0.51487,872.5,15850
0.51165,888.2,15516
0.51632,702.16,6840.5
0.51069,677.75,8744.9
0.5121,964.39,3084.9
0.5187,863.7,182.35
0.51972,978.56,17839
0.51641,945.18,9540.9
0.50619,950.39,17159
0.5161,915.42,16653
0.51259,1042.2,13055
0.51476,866.24,2021.7
0.50708,838.33,9194
0.51104,680.74,14867
0.50262,848.49,3935.3
0.50418,981.58,7245.4
0.50634,930.9,11333
0.51422,919.3,12326
0.51375,995.21,8531.8
0.50334,1009,2525.3
0.51802,775.87,16842
0.50092,1039.3,256.89
0.51427,754.32,1058.1
0.51396,707.86,15711
0.51945,810.33,10569
0.51571,976,4886.8
0.50248,1009.6,5286.9
0.51657,899.23,17568
0.50532,751.77,5210.6
0.51001,807.22,4512.3
0.51282,985.16,3764.3
0.50164,854.6,7154.9
0.51203,824.04,6422.9
0.51831,762.86,8049.7
0.50286,915.51,7916.1
0.51947,792.09,6185.6
0.51062,948.37,7857.4
0.51642,837.58,10976
0.50497,843.55,11434
0.51217,727.59,6299.4
0.50426,678.02,14749
0.51131,1032.1,4389
0.51434,789.79,16431
0.50544,873.57,10347
0.51572,918.09,4531.5
0.51885,818.41,15170
0.50195,688.5,2936.6
0.50076,729.31,15237
0.50827,1004.4,11111
0.50547,916.64,12331
0.51683,731.88,9055.4
0.5014,960.98,12360
0.507,859.17,4421.4
0.51242,1043.4,11418
0.50521,1026.6,6166.1
0.5173,827.28,5656.4
0.50897,665.53,3897.9
0.51169,1030.6,1479.6
0.51034,729.95,2763.5
0.51459,828,17323
0.5091,875.1,16077
0.51827,1046,12491
0.50921,990.62,453.74
0.50208,667.3,129.11
0.51507,675.92,681.81
0.51089,995.89,4074.7
0.50092,687.19,2078
0.50845,805.97,2152.9
0.51997,914.68,10702
0.50063,753.75,13458
0.50683,1000.6,11232
0.50441,875.01,16274
0.50739,957.25,11265
0.51965,785.89,10149
0.50169,886.95,13337
0.51601,755.86,2109.5
0.5121,855.64,11674
0.50582,679.39,16311
0.50856,931.13,8115
0.51122,1037.1,17008
0.50782,882.84,6836.7
0.51232,938.48,6288.4
0.50551,1008.6,1390.9
0.50159,670.62,4046.5
0.51574,804.02,17423
0.51191,653.51,706.46
0.5087,654.66,13265
0.51314,864.93,17267
0.50645,1020.9,636.49
0.50836,995.1,12209
0.50187,866.19,286.83
0.51016,689.61,12589
0.51291,921.74,3250.9
0.50014,657.3,8570.5
0.50475,774.35,2401.7
0.51325,757.42,16407
0.51482,666.23,973.49
0.51745,1040,305.6
0.5172,919.32,9439.1
0.51794,922.41,10910
0.50296,737.74,2187.8
0.50865,805.48,2222
0.51478,1049.5,3557.2
0.50967,719.92,7031.3
0.5116,778.41,14995
0.51098,919.75,17108
0.50123,763.6,1303.9
0.50936,976.84,14096
0.51946,885.11,11236
0.50592,767.18,17045
0.5034,929.67,13495
0.50408,690.86,3226.6
0.51698,994.71,16900
0.51042,986.79,1422.4
0.50368,698.41,8596.4
0.51151,927.82,13231
0.50857,969.59,6948.1
0.51161,960.27,6225.2
0.51846,660.71,17469
0.50072,874.48,10555
0.50636,868.07,8997.2
0.51774,1048.4,3702.4
0.50221,815.46,5260.7
0.50473,950.94,8540.8
0.50383,834.96,17791
0.51468,663.99,5867.5
0.51991,868.72,1625.2
0.51454,939.36,507.17
0.51904,1047,11799
0.51336,790.99,17645
0.51327,902.3,9252.2
0.5018,761.22,8753.5
0.51968,1036.2,2685.9
0.50721,988.48,13597
0.5032,751.92,11638
0.50334,943.93,9570.1
0.51303,679.2,4137.2
0.50193,730.32,3454.5
0.50725,858.77,1835.7
0.50258,759.82,9668.7
0.51438,1003.1,5080.5
0.51112,918.33,14240
0.51184,1048.5,4811.9
0.51343,655.83,3913.3
0.51335,977.7,9211.1
0.50466,1015.1,17733
0.50384,725.39,90.828
0.51456,898.48,6675.2
0.50372,769,8208.6
0.51782,949.97,15871
0.50523,991.03,16640
0.5142,933.3,1521.4
0.50908,832.77,2028.3
0.50905,739.97,4595
0.51928,998.58,4721.9
0.51414,1049.4,4632.7
0.51982,756.19,8475.9
0.51036,789.62,15946
0.51498,735.94,7825.2
0.50007,791.68,15852
0.50461,989.65,4739
0.50312,998.13,13566
0.51273,1011,3421.5
0.51891,810.23,7675.1
0.51078,803.03,13071
0.50306,788.75,9042.1
0.51765,1021.8,7514.2
0.50949,835.36,10458
0.51837,926.98,9607.4
0.50107,968.32,5534.5
0.50454,765.49,1128.9
0.50745,851.37,6966.1
0.50839,859.9,5142.4
0.51613,871.23,816.02
0.50023,988.95,14803
0.50428,1034.7,3612.9
0.50559,1007,16181
0.51582,713.79,8299.6
0.50413,954.34,15047
0.50573,871.73,15633
0.51206,969.22,9598.8
0.5143,831.05,14810
0.51215,851.97,13010
0.51679,926.19,2906
0.50345,1019.8,11978
0.5083,717.82,14579
0.5138,683.14,16145
0.50059,1008,4165.7
0.51263,821.55,6756.7
0.5024,946.71,10577
0.51555,930.51,1911.8
0.51862,928.01,15699
0.50697,807.64,7569.1
0.51612,962.89,7926.2
0.51115,700.74,1673.8
0.51943,722.39,17974
0.51749,945.41,9851.1
0.51667,840.21,9379.6
0.50662,1023.2,10085
0.50302,769.92,6335.7
0.5058,668.06,832.67
0.50889,676.51,3179.3
0.51522,764.41,16957
0.51789,766.29,6813.7
0.50493,866.58,5591.6
0.50712,775.89,11545
0.51741,811.12,6469.5
0.51905,982.79,13093
0.50462,784.56,8328.1
0.51777,799.15,7504.1
0.51807,699.84,17228
0.50068,842.76,3319.8
0.51051,856.79,8735.6
0.5023,881.94,12515
0.51398,931.84,4470.6
0.50236,783.18,3037.8
0.50423,909.99,5497.9
0.50457,718.6,118.49
0.50095,828.77,3880.4
0.51821,833.15,866.26
0.50673,947.58,2722.7
0.51057,885.5,11283
0.51791,984.15,1137.9
0.51972,797.94,4845.9
0.51844,855.01,660.99
0.51591,724.53,17560
0.50622,1037.5,16155
0.51204,651.43,15739
0.50598,819.61,16835
0.50103,892.52,16453
0.51345,876.64,1580.7
0.50823,989.77,14648
0.51762,888.17,17084
0.51131,877.85,8652.6
0.51138,722.76,8066.6
0.51736,787.97,6665.6
0.50984,1031,15398
0.51486,957.89,16875
0.51048,837.04,4764.4
0.50882,894.53,15619
0.51852,860.92,12919
0.51785,1042.6,4683.3
0.51446,735.78,4220.4
0.50804,794.61,15294
0.51767,671.94,2268.5
0.50517,742.85,8863.6
0.51628,1006.2,16202
0.51822,965.18,11932
0.5067,1024.1,14202
0.50363,1017.1,7788.5
0.5165,946.42,5471
0.51978,684.38,5768.1
0.51809,736.78,10237
0.51952,967.63,15472
0.50778,1012.7,9765.7
0.50952,741.69,15318
0.50217,1029.2,1549.5
0.50833,689.29,15051
0.50085,812.21,10726
0.50359,691.67,17499
0.50394,1045.4,1216.9
0.50396,672.96,5445.3
0.51003,723.6,6393
0.50597,696.76,17488
0.51665,793.52,3838.5
0.50484,1004,14383
0.51221,790.31,16570
0.51224,709.45,9707.9
0.50149,953.46,15528
0.50557,942.14,14551
0.50849,1034,5827.7
0.51405,861.26,12450
0.5048,785.46,8034.8
0.50707,838.68,3592.3
0.51531,929.21,12245
0.51759,912.25,2695
0.51568,711.72,6779
0.50488,941.49,12678
0.51717,829.69,12903
0.50633,800.33,7994.3
0.51484,803.09,2381.3
0.51527,660.15,8912.4
0.51261,844.12,11495
0.5003,810.85,16743
0.51471,698.94,3643.8
0.51897,888.51,2582.4
0.51918,804.74,8408.7
0.5102,710.65,14681
0.50885,786.84,15963
0.51066,1016.3,9899.6
0.51725,886.69,7349.7
0.51624,817.27,2511.6
0.51256,707.05,7560.2
0.51408,1039.3,7882.9
0.50005,880.8,8143.1
0.50841,987.08,12887
0.50687,705.39,15162
0.50943,761.52,10224
0.5078,732.48,2853.5
0.5105,867.42,12752
0.5171,910.56,12178
0.50801,683.66,13791
0.50071,708.85,11588
0.51688,976.19,2337.8
0.50296,726.24,17340
0.50961,759.98,10810
0.51859,949.12,10390
0.50563,1025.6,13001
0.50776,1028,17819
0.50862,768.46,235
0.50215,916.09,9331
0.51805,686.71,10887
0.51741,958.47,7968.1
0.50586,906.94,13527
0.51384,1047.5,1725.5
0.51773,658,13122
0.50704,981.01,7720.7
0.51306,858.4,1731.9
0.51653,1013.6,13678
0.5072,1035.9,14129
0.5099,774.16,5416.5
0.51301,907.91,14361
0.51504,879.96,13291
0.51562,747.88,12699
0.51212,1005.6,3550.2
0.50131,863.25,11376
0.51239,697.14,12726
0.51167,1028.6,15778
0.50167,818.87,14708
0.50101,825.85,1981.3
0.51016,802.37,12226
0.50127,1001.9,15264
0.51319,671.73,3204.2
0.5114,705.81,10113
0.51351,779.18,15504
0.50869,917.08,9829.1
0.50629,951.64,4331
0.51625,786.4,11737
0.51355,955.33,10772
0.50432,1025,3269.6
0.51072,653.13,1962.4
0.51833,1041.5,14179
0.504,717.16,16333
0.50688,767.75,14938
0.51894,833.54,1863.9
0.50614,812.97,6740.7
0.51817,781.24,9279.1
0.5185,1022.5,5371.2
0.51147,701.86,8254.8
0.50355,827.06,2567.5
0.51702,909.71,10007
0.51796,901.97,11519
0.51661,765.1,8550.7
0.50562,938.64,13926
0.51954,694.82,14718
0.50818,882.47,6701.7
0.5101,725.17,5173.7
0.50436,972.06,12792
0.51917,852.25,15746
0.50982,964.04,13845
0.5189,739.35,13907
0.51367,846.08,6196.5
0.51012,1044.8,4553.1
0.50537,801.04,17914
0.50121,841.84,7274.8
0.51465,796.6,16107
0.50945,696.4,1882.6
0.51727,728.03,8635.9
0.51006,925.59,12365
0.50271,863.4,13771
0.51235,681.07,8386.5
0.5039,678.33,3987.1
0.51799,936.14,545.3
0.50205,687.56,11653
0.51857,862.77,16694
0.51931,758,16711
0.5153,768.13,16242
0.51222,815.04,16931
0.50993,896.17,13368
0.51813,940.65,2368.8
0.50968,745.88,3864.3
0.50577,850.73,2880.1
0.51195,703.15,16497
0.50659,831.37,6564
0.50601,675.49,16617
0.50758,948.08,2814
0.51888,963.2,8806.5
0.5196,904.44,4300
0.50401,877.64,23.355
0.51994,723.73,8959.4
0.50413,830.53,1587.5
0.51199,905.41,9421.5
0.5005,1041.2,14852
0.50588,690.49,9155.6
0.50502,685.07,8889.8
0.51708,834.4,9480.5
0.51284,676.8,185.91
0.51825,682.36,9510.6
0.50875,817.92,4907.4
0.51868,942.39,6071.2
0.50923,830.09,17980
0.50937,996.55,16047
0.5047,674.05,6911.7
0.50353,679.93,3793.6
0.517,1039.6,9976
0.51027,865.79,895.84
0.51384,933.83,12815
0.50918,1018.2,17759
0.50051,779.82,13209
0.50761,777.84,1178.8
0.51093,1000.2,5551.7
0.51732,999.8,12288
0.50988,966.33,2234.2
0.51332,944.68,15793
0.50766,697.6,3364.6
0.51936,693.51,6262.4
0.5032,900.83,17625
0.50887,906.16,1174.6
0.5038,955.91,1649.4
0.50327,985.8,4793.1
0.51244,849.61,15420
0.51514,694.44,7586.1
0.51339,839.78,17385
0.51172,905.63,17712
0.50534,824.62,1095.9
0.51182,832.22,3003.7
0.51358,957.15,3089.8
0.50405,884.64,11323
0.50265,923.52,9012.6
0.51443,1043.8,7386.4
0.50603,659.54,6438.5
0.51165,745.33,10825
0.50791,856.36,7097.4
0.50657,765.95,15581
0.50995,897.28,425.77
0.5158,980.19,14329
0.50626,966.21,14072
0.50225,952,6116
0.50086,822.63,17603
0.51409,923.68,1757.1
0.5144,961.49,15556
0.51984,808.1,6505.3
0.50747,986.22,17196
0.50917,651.65,5691
0.50338,703.4,7071.4
0.50726,1012.3,8355.5
